RAW_SEISMIC,RAW_FAULT,RAW_HORIZON
seismic-1000.png,fault-1000.png,horizon-1000.png
seismic-1001.png,fault-1001.png,horizon-1001.png
seismic-1002.png,fault-1002.png,horizon-1002.png
seismic-1003.png,fault-1003.png,horizon-1003.png
seismic-1004.png,fault-1004.png,horizon-1004.png
seismic-1005.png,fault-1005.png,horizon-1005.png
seismic-1006.png,fault-1006.png,horizon-1006.png
seismic-1007.png,fault-1007.png,horizon-1007.png
seismic-1008.png,fault-1008.png,horizon-1008.png
seismic-1009.png,fault-1009.png,horizon-1009.png
seismic-1010.png,fault-1010.png,horizon-1010.png
seismic-1011.png,fault-1011.png,horizon-1011.png
seismic-1012.png,fault-1012.png,horizon-1012.png
seismic-1013.png,fault-1013.png,horizon-1013.png
seismic-1014.png,fault-1014.png,horizon-1014.png
seismic-1015.png,fault-1015.png,horizon-1015.png
seismic-1016.png,fault-1016.png,horizon-1016.png
seismic-1017.png,fault-1017.png,horizon-1017.png
seismic-1018.png,fault-1018.png,horizon-1018.png
seismic-1019.png,fault-1019.png,horizon-1019.png
seismic-1020.png,fault-1020.png,horizon-1020.png
seismic-1021.png,fault-1021.png,horizon-1021.png
seismic-1022.png,fault-1022.png,horizon-1022.png
seismic-1023.png,fault-1023.png,horizon-1023.png
seismic-1024.png,fault-1024.png,horizon-1024.png
seismic-1025.png,fault-1025.png,horizon-1025.png
seismic-1026.png,fault-1026.png,horizon-1026.png
seismic-1027.png,fault-1027.png,horizon-1027.png
seismic-1028.png,fault-1028.png,horizon-1028.png
seismic-1029.png,fault-1029.png,horizon-1029.png
seismic-1030.png,fault-1030.png,horizon-1030.png
seismic-1031.png,fault-1031.png,horizon-1031.png
seismic-1032.png,fault-1032.png,horizon-1032.png
seismic-1033.png,fault-1033.png,horizon-1033.png
seismic-1034.png,fault-1034.png,horizon-1034.png
seismic-1035.png,fault-1035.png,horizon-1035.png
seismic-1036.png,fault-1036.png,horizon-1036.png
seismic-1037.png,fault-1037.png,horizon-1037.png
seismic-1038.png,fault-1038.png,horizon-1038.png
seismic-1039.png,fault-1039.png,horizon-1039.png
seismic-1040.png,fault-1040.png,horizon-1040.png
seismic-1041.png,fault-1041.png,horizon-1041.png
seismic-1042.png,fault-1042.png,horizon-1042.png
seismic-1043.png,fault-1043.png,horizon-1043.png
seismic-1044.png,fault-1044.png,horizon-1044.png
seismic-1045.png,fault-1045.png,horizon-1045.png
seismic-1046.png,fault-1046.png,horizon-1046.png
seismic-1047.png,fault-1047.png,horizon-1047.png
seismic-1048.png,fault-1048.png,horizon-1048.png
seismic-1049.png,fault-1049.png,horizon-1049.png
seismic-1050.png,fault-1050.png,horizon-1050.png
seismic-1051.png,fault-1051.png,horizon-1051.png
seismic-1052.png,fault-1052.png,horizon-1052.png
seismic-1053.png,fault-1053.png,horizon-1053.png
seismic-1054.png,fault-1054.png,horizon-1054.png
seismic-1055.png,fault-1055.png,horizon-1055.png
seismic-1056.png,fault-1056.png,horizon-1056.png
seismic-1057.png,fault-1057.png,horizon-1057.png
seismic-1058.png,fault-1058.png,horizon-1058.png
seismic-1059.png,fault-1059.png,horizon-1059.png
seismic-1060.png,fault-1060.png,horizon-1060.png
seismic-1061.png,fault-1061.png,horizon-1061.png
seismic-1062.png,fault-1062.png,horizon-1062.png
seismic-1063.png,fault-1063.png,horizon-1063.png
seismic-1064.png,fault-1064.png,horizon-1064.png
seismic-1065.png,fault-1065.png,horizon-1065.png
seismic-1066.png,fault-1066.png,horizon-1066.png
seismic-1067.png,fault-1067.png,horizon-1067.png
seismic-1068.png,fault-1068.png,horizon-1068.png
seismic-1069.png,fault-1069.png,horizon-1069.png
seismic-1070.png,fault-1070.png,horizon-1070.png
seismic-1071.png,fault-1071.png,horizon-1071.png
seismic-1072.png,fault-1072.png,horizon-1072.png
seismic-1073.png,fault-1073.png,horizon-1073.png
seismic-1074.png,fault-1074.png,horizon-1074.png
seismic-1075.png,fault-1075.png,horizon-1075.png
seismic-1076.png,fault-1076.png,horizon-1076.png
seismic-1077.png,fault-1077.png,horizon-1077.png
seismic-1078.png,fault-1078.png,horizon-1078.png
seismic-1079.png,fault-1079.png,horizon-1079.png
seismic-1080.png,fault-1080.png,horizon-1080.png
seismic-1081.png,fault-1081.png,horizon-1081.png
seismic-1082.png,fault-1082.png,horizon-1082.png
seismic-1083.png,fault-1083.png,horizon-1083.png
seismic-1084.png,fault-1084.png,horizon-1084.png
seismic-1085.png,fault-1085.png,horizon-1085.png
seismic-1086.png,fault-1086.png,horizon-1086.png
seismic-1087.png,fault-1087.png,horizon-1087.png
seismic-1088.png,fault-1088.png,horizon-1088.png
seismic-1089.png,fault-1089.png,horizon-1089.png
seismic-1090.png,fault-1090.png,horizon-1090.png
seismic-1091.png,fault-1091.png,horizon-1091.png
seismic-1092.png,fault-1092.png,horizon-1092.png
seismic-1093.png,fault-1093.png,horizon-1093.png
seismic-1094.png,fault-1094.png,horizon-1094.png
seismic-1095.png,fault-1095.png,horizon-1095.png
seismic-1096.png,fault-1096.png,horizon-1096.png
seismic-1097.png,fault-1097.png,horizon-1097.png
seismic-1098.png,fault-1098.png,horizon-1098.png
seismic-1099.png,fault-1099.png,horizon-1099.png
seismic-1100.png,fault-1100.png,horizon-1100.png
seismic-1101.png,fault-1101.png,horizon-1101.png
seismic-1102.png,fault-1102.png,horizon-1102.png
seismic-1103.png,fault-1103.png,horizon-1103.png
seismic-1104.png,fault-1104.png,horizon-1104.png
seismic-1105.png,fault-1105.png,horizon-1105.png
seismic-1106.png,fault-1106.png,horizon-1106.png
seismic-1107.png,fault-1107.png,horizon-1107.png
seismic-1108.png,fault-1108.png,horizon-1108.png
seismic-1109.png,fault-1109.png,horizon-1109.png
seismic-1110.png,fault-1110.png,horizon-1110.png
seismic-1111.png,fault-1111.png,horizon-1111.png
seismic-1112.png,fault-1112.png,horizon-1112.png
seismic-1113.png,fault-1113.png,horizon-1113.png
seismic-1114.png,fault-1114.png,horizon-1114.png
seismic-1115.png,fault-1115.png,horizon-1115.png
seismic-1116.png,fault-1116.png,horizon-1116.png
seismic-1117.png,fault-1117.png,horizon-1117.png
seismic-1118.png,fault-1118.png,horizon-1118.png
seismic-1119.png,fault-1119.png,horizon-1119.png
seismic-1120.png,fault-1120.png,horizon-1120.png
seismic-1121.png,fault-1121.png,horizon-1121.png
seismic-1122.png,fault-1122.png,horizon-1122.png
seismic-1123.png,fault-1123.png,horizon-1123.png
seismic-1124.png,fault-1124.png,horizon-1124.png
seismic-1125.png,fault-1125.png,horizon-1125.png
seismic-1126.png,fault-1126.png,horizon-1126.png
seismic-1127.png,fault-1127.png,horizon-1127.png
seismic-1128.png,fault-1128.png,horizon-1128.png
seismic-1129.png,fault-1129.png,horizon-1129.png
seismic-1130.png,fault-1130.png,horizon-1130.png
seismic-1131.png,fault-1131.png,horizon-1131.png
seismic-1132.png,fault-1132.png,horizon-1132.png
seismic-1133.png,fault-1133.png,horizon-1133.png
seismic-1134.png,fault-1134.png,horizon-1134.png
seismic-1135.png,fault-1135.png,horizon-1135.png
seismic-1136.png,fault-1136.png,horizon-1136.png
seismic-1137.png,fault-1137.png,horizon-1137.png
seismic-1138.png,fault-1138.png,horizon-1138.png
seismic-1139.png,fault-1139.png,horizon-1139.png
seismic-1140.png,fault-1140.png,horizon-1140.png
seismic-1141.png,fault-1141.png,horizon-1141.png
seismic-1142.png,fault-1142.png,horizon-1142.png
seismic-1143.png,fault-1143.png,horizon-1143.png
seismic-1144.png,fault-1144.png,horizon-1144.png
seismic-1145.png,fault-1145.png,horizon-1145.png
seismic-1146.png,fault-1146.png,horizon-1146.png
seismic-1147.png,fault-1147.png,horizon-1147.png
seismic-1148.png,fault-1148.png,horizon-1148.png
seismic-1149.png,fault-1149.png,horizon-1149.png
seismic-1150.png,fault-1150.png,horizon-1150.png
seismic-1151.png,fault-1151.png,horizon-1151.png
seismic-1152.png,fault-1152.png,horizon-1152.png
seismic-1153.png,fault-1153.png,horizon-1153.png
seismic-1154.png,fault-1154.png,horizon-1154.png
seismic-1155.png,fault-1155.png,horizon-1155.png
seismic-1156.png,fault-1156.png,horizon-1156.png
seismic-1157.png,fault-1157.png,horizon-1157.png
seismic-1158.png,fault-1158.png,horizon-1158.png
seismic-1159.png,fault-1159.png,horizon-1159.png
seismic-1160.png,fault-1160.png,horizon-1160.png
seismic-1161.png,fault-1161.png,horizon-1161.png
seismic-1162.png,fault-1162.png,horizon-1162.png
seismic-1163.png,fault-1163.png,horizon-1163.png
seismic-1164.png,fault-1164.png,horizon-1164.png
seismic-1165.png,fault-1165.png,horizon-1165.png
seismic-1166.png,fault-1166.png,horizon-1166.png
seismic-1167.png,fault-1167.png,horizon-1167.png
seismic-1168.png,fault-1168.png,horizon-1168.png
seismic-1169.png,fault-1169.png,horizon-1169.png
seismic-1170.png,fault-1170.png,horizon-1170.png
seismic-1171.png,fault-1171.png,horizon-1171.png
seismic-1172.png,fault-1172.png,horizon-1172.png
seismic-1173.png,fault-1173.png,horizon-1173.png
seismic-1174.png,fault-1174.png,horizon-1174.png
seismic-1175.png,fault-1175.png,horizon-1175.png
seismic-1176.png,fault-1176.png,horizon-1176.png
seismic-1177.png,fault-1177.png,horizon-1177.png
seismic-1178.png,fault-1178.png,horizon-1178.png
seismic-1179.png,fault-1179.png,horizon-1179.png
seismic-1180.png,fault-1180.png,horizon-1180.png
seismic-1181.png,fault-1181.png,horizon-1181.png
seismic-1182.png,fault-1182.png,horizon-1182.png
seismic-1183.png,fault-1183.png,horizon-1183.png
seismic-1184.png,fault-1184.png,horizon-1184.png
seismic-1185.png,fault-1185.png,horizon-1185.png
seismic-1186.png,fault-1186.png,horizon-1186.png
seismic-1187.png,fault-1187.png,horizon-1187.png
seismic-1188.png,fault-1188.png,horizon-1188.png
seismic-1189.png,,horizon-1189.png
seismic-1190.png,,horizon-1190.png
seismic-1191.png,fault-1191.png,horizon-1191.png
seismic-1192.png,fault-1192.png,horizon-1192.png
seismic-1193.png,,horizon-1193.png
seismic-1194.png,,horizon-1194.png
seismic-1195.png,,horizon-1195.png
seismic-1196.png,fault-1196.png,horizon-1196.png
seismic-1197.png,,horizon-1197.png
seismic-1198.png,fault-1198.png,horizon-1198.png
seismic-1199.png,fault-1199.png,horizon-1199.png
seismic-1200.png,fault-1200.png,horizon-1200.png
seismic-1201.png,fault-1201.png,horizon-1201.png
seismic-1202.png,fault-1202.png,horizon-1202.png
seismic-1203.png,fault-1203.png,horizon-1203.png
seismic-1204.png,fault-1204.png,horizon-1204.png
seismic-1205.png,fault-1205.png,horizon-1205.png
seismic-1206.png,fault-1206.png,horizon-1206.png
seismic-1207.png,fault-1207.png,horizon-1207.png
,fault-1208.png,horizon-1208.png
seismic-1209.png,fault-1209.png,horizon-1209.png
seismic-1210.png,fault-1210.png,horizon-1210.png
seismic-1211.png,fault-1211.png,horizon-1211.png
seismic-1212.png,fault-1212.png,horizon-1212.png
seismic-1213.png,fault-1213.png,horizon-1213.png
seismic-1214.png,,horizon-1214.png
seismic-1215.png,,horizon-1215.png
seismic-1216.png,fault-1216.png,horizon-1216.png
seismic-1217.png,,horizon-1217.png
seismic-1218.png,,horizon-1218.png
seismic-1219.png,,horizon-1219.png
seismic-1220.png,fault-1220.png,horizon-1220.png
seismic-1221.png,,horizon-1221.png
seismic-1222.png,,horizon-1222.png
seismic-1223.png,,horizon-1223.png
seismic-1224.png,fault-1224.png,horizon-1224.png
seismic-1225.png,fault-1225.png,horizon-1225.png
seismic-1226.png,fault-1226.png,horizon-1226.png
seismic-1227.png,fault-1227.png,horizon-1227.png
seismic-1228.png,fault-1228.png,horizon-1228.png
seismic-1229.png,,horizon-1229.png
seismic-1230.png,fault-1230.png,horizon-1230.png
seismic-1231.png,,horizon-1231.png
seismic-1232.png,fault-1232.png,horizon-1232.png
seismic-1233.png,,horizon-1233.png
seismic-1234.png,fault-1234.png,horizon-1234.png
seismic-1235.png,,horizon-1235.png
seismic-1236.png,fault-1236.png,horizon-1236.png
seismic-1237.png,,horizon-1237.png
seismic-1238.png,fault-1238.png,horizon-1238.png
seismic-1239.png,,horizon-1239.png
seismic-1240.png,fault-1240.png,horizon-1240.png
seismic-1241.png,,horizon-1241.png
seismic-1242.png,,horizon-1242.png
seismic-1243.png,,horizon-1243.png
seismic-1244.png,fault-1244.png,horizon-1244.png
seismic-1245.png,,horizon-1245.png
seismic-1246.png,,horizon-1246.png
seismic-1247.png,,horizon-1247.png
seismic-1248.png,fault-1248.png,horizon-1248.png
seismic-1249.png,,horizon-1249.png
seismic-1250.png,,horizon-1250.png
seismic-1251.png,,horizon-1251.png
seismic-1252.png,fault-1252.png,horizon-1252.png
seismic-1253.png,,horizon-1253.png
seismic-1254.png,,horizon-1254.png
seismic-1255.png,,horizon-1255.png
seismic-1256.png,fault-1256.png,horizon-1256.png
seismic-1257.png,,horizon-1257.png
seismic-1258.png,,horizon-1258.png
seismic-1259.png,,horizon-1259.png
seismic-1260.png,fault-1260.png,horizon-1260.png
seismic-1261.png,,horizon-1261.png
seismic-1262.png,,horizon-1262.png
seismic-1263.png,fault-1263.png,horizon-1263.png
seismic-1264.png,fault-1264.png,horizon-1264.png
seismic-1265.png,,horizon-1265.png
seismic-1266.png,fault-1266.png,horizon-1266.png
,fault-1267.png,horizon-1267.png
seismic-1268.png,fault-1268.png,horizon-1268.png
seismic-1269.png,fault-1269.png,horizon-1269.png
seismic-1270.png,fault-1270.png,horizon-1270.png
seismic-1271.png,fault-1271.png,horizon-1271.png
seismic-1272.png,fault-1272.png,horizon-1272.png
seismic-1273.png,fault-1273.png,horizon-1273.png
seismic-1274.png,fault-1274.png,horizon-1274.png
seismic-1275.png,fault-1275.png,horizon-1275.png
seismic-1276.png,fault-1276.png,horizon-1276.png
seismic-1277.png,,horizon-1277.png
seismic-1278.png,fault-1278.png,horizon-1278.png
seismic-1279.png,fault-1279.png,horizon-1279.png
seismic-1280.png,fault-1280.png,horizon-1280.png
seismic-1281.png,fault-1281.png,horizon-1281.png
seismic-1282.png,fault-1282.png,horizon-1282.png
seismic-1283.png,fault-1283.png,horizon-1283.png
seismic-1284.png,fault-1284.png,horizon-1284.png
seismic-1285.png,fault-1285.png,horizon-1285.png
seismic-1286.png,fault-1286.png,horizon-1286.png
seismic-1287.png,fault-1287.png,horizon-1287.png
seismic-1288.png,fault-1288.png,horizon-1288.png
seismic-1289.png,fault-1289.png,horizon-1289.png
seismic-1290.png,fault-1290.png,horizon-1290.png
seismic-1291.png,fault-1291.png,horizon-1291.png
seismic-1292.png,fault-1292.png,horizon-1292.png
seismic-1293.png,,horizon-1293.png
seismic-1294.png,,horizon-1294.png
seismic-1295.png,,horizon-1295.png
seismic-1296.png,fault-1296.png,horizon-1296.png
seismic-1297.png,,horizon-1297.png
seismic-1298.png,,horizon-1298.png
seismic-1299.png,,horizon-1299.png
seismic-1300.png,fault-1300.png,horizon-1300.png
seismic-1301.png,,horizon-1301.png
seismic-1302.png,,horizon-1302.png
seismic-1303.png,,horizon-1303.png
seismic-1304.png,fault-1304.png,horizon-1304.png
seismic-1305.png,,horizon-1305.png
seismic-1306.png,,horizon-1306.png
seismic-1307.png,,horizon-1307.png
seismic-1308.png,fault-1308.png,horizon-1308.png
seismic-1309.png,,horizon-1309.png
seismic-1310.png,,horizon-1310.png
seismic-1311.png,,horizon-1311.png
seismic-1312.png,fault-1312.png,horizon-1312.png
seismic-1313.png,,horizon-1313.png
seismic-1314.png,,horizon-1314.png
seismic-1315.png,,horizon-1315.png
seismic-1316.png,fault-1316.png,horizon-1316.png
seismic-1317.png,fault-1317.png,horizon-1317.png
seismic-1318.png,fault-1318.png,horizon-1318.png
seismic-1319.png,fault-1319.png,horizon-1319.png
seismic-1320.png,fault-1320.png,horizon-1320.png
seismic-1321.png,fault-1321.png,horizon-1321.png
seismic-1322.png,fault-1322.png,horizon-1322.png
seismic-1323.png,fault-1323.png,horizon-1323.png
seismic-1324.png,fault-1324.png,horizon-1324.png
seismic-1325.png,fault-1325.png,horizon-1325.png
seismic-1326.png,fault-1326.png,horizon-1326.png
seismic-1327.png,fault-1327.png,horizon-1327.png
seismic-1328.png,fault-1328.png,horizon-1328.png
seismic-1329.png,fault-1329.png,horizon-1329.png
seismic-1330.png,fault-1330.png,horizon-1330.png
seismic-1331.png,fault-1331.png,horizon-1331.png
seismic-1332.png,fault-1332.png,horizon-1332.png
seismic-1333.png,fault-1333.png,horizon-1333.png
seismic-1334.png,fault-1334.png,horizon-1334.png
seismic-1335.png,fault-1335.png,horizon-1335.png
seismic-1336.png,fault-1336.png,horizon-1336.png
seismic-1337.png,fault-1337.png,horizon-1337.png
seismic-1338.png,fault-1338.png,horizon-1338.png
seismic-1339.png,fault-1339.png,horizon-1339.png
seismic-1340.png,fault-1340.png,horizon-1340.png
seismic-1341.png,fault-1341.png,horizon-1341.png
seismic-1342.png,fault-1342.png,horizon-1342.png
seismic-1343.png,fault-1343.png,horizon-1343.png
seismic-1344.png,fault-1344.png,horizon-1344.png
seismic-1345.png,fault-1345.png,horizon-1345.png
seismic-1346.png,fault-1346.png,horizon-1346.png
seismic-1347.png,fault-1347.png,horizon-1347.png
seismic-1348.png,fault-1348.png,horizon-1348.png
seismic-1349.png,,horizon-1349.png
seismic-1350.png,,horizon-1350.png
seismic-1351.png,,horizon-1351.png
seismic-1352.png,fault-1352.png,horizon-1352.png
seismic-1353.png,,horizon-1353.png
seismic-1354.png,,horizon-1354.png
seismic-1355.png,,horizon-1355.png
seismic-1356.png,fault-1356.png,horizon-1356.png
seismic-1357.png,,horizon-1357.png
seismic-1358.png,,horizon-1358.png
seismic-1359.png,,horizon-1359.png
seismic-1360.png,fault-1360.png,horizon-1360.png
seismic-1361.png,,horizon-1361.png
seismic-1362.png,fault-1362.png,horizon-1362.png
seismic-1363.png,,horizon-1363.png
seismic-1364.png,fault-1364.png,horizon-1364.png
seismic-1365.png,,horizon-1365.png
seismic-1366.png,fault-1366.png,horizon-1366.png
seismic-1367.png,,horizon-1367.png
seismic-1368.png,fault-1368.png,horizon-1368.png
seismic-1369.png,fault-1369.png,horizon-1369.png
seismic-1370.png,fault-1370.png,horizon-1370.png
seismic-1371.png,fault-1371.png,horizon-1371.png
seismic-1372.png,fault-1372.png,horizon-1372.png
seismic-1373.png,fault-1373.png,horizon-1373.png
seismic-1374.png,fault-1374.png,horizon-1374.png
seismic-1375.png,fault-1375.png,horizon-1375.png
seismic-1376.png,fault-1376.png,horizon-1376.png
seismic-1377.png,fault-1377.png,horizon-1377.png
seismic-1378.png,fault-1378.png,horizon-1378.png
seismic-1379.png,fault-1379.png,horizon-1379.png
seismic-1380.png,fault-1380.png,horizon-1380.png
seismic-1381.png,fault-1381.png,horizon-1381.png
seismic-1382.png,fault-1382.png,horizon-1382.png
seismic-1383.png,fault-1383.png,horizon-1383.png
seismic-1384.png,fault-1384.png,horizon-1384.png
seismic-1385.png,fault-1385.png,horizon-1385.png
seismic-1386.png,fault-1386.png,horizon-1386.png
seismic-1387.png,fault-1387.png,horizon-1387.png
seismic-1388.png,fault-1388.png,horizon-1388.png
seismic-1389.png,fault-1389.png,horizon-1389.png
seismic-1390.png,fault-1390.png,horizon-1390.png
seismic-1391.png,fault-1391.png,horizon-1391.png
seismic-1392.png,fault-1392.png,horizon-1392.png
seismic-1393.png,fault-1393.png,horizon-1393.png
seismic-1394.png,fault-1394.png,horizon-1394.png
seismic-1395.png,fault-1395.png,horizon-1395.png
seismic-1396.png,fault-1396.png,horizon-1396.png
seismic-1397.png,fault-1397.png,horizon-1397.png
seismic-1398.png,fault-1398.png,horizon-1398.png
seismic-1399.png,fault-1399.png,horizon-1399.png
seismic-1400.png,fault-1400.png,horizon-1400.png
seismic-1401.png,fault-1401.png,horizon-1401.png
seismic-1402.png,fault-1402.png,horizon-1402.png
seismic-1403.png,fault-1403.png,horizon-1403.png
seismic-1404.png,fault-1404.png,horizon-1404.png
seismic-1405.png,,horizon-1405.png
seismic-1406.png,fault-1406.png,horizon-1406.png
seismic-1407.png,,horizon-1407.png
seismic-1408.png,fault-1408.png,horizon-1408.png
seismic-1409.png,fault-1409.png,horizon-1409.png
seismic-1410.png,fault-1410.png,horizon-1410.png
seismic-1411.png,fault-1411.png,horizon-1411.png
seismic-1412.png,fault-1412.png,horizon-1412.png
seismic-1413.png,,horizon-1413.png
seismic-1414.png,,horizon-1414.png
seismic-1415.png,,horizon-1415.png
seismic-1416.png,fault-1416.png,horizon-1416.png
seismic-1417.png,fault-1417.png,horizon-1417.png
seismic-1418.png,fault-1418.png,horizon-1418.png
seismic-1419.png,fault-1419.png,horizon-1419.png
seismic-1420.png,fault-1420.png,horizon-1420.png
seismic-1421.png,fault-1421.png,horizon-1421.png
seismic-1422.png,,horizon-1422.png
seismic-1423.png,,horizon-1423.png
seismic-1424.png,fault-1424.png,horizon-1424.png
seismic-1425.png,fault-1425.png,horizon-1425.png
seismic-1426.png,fault-1426.png,horizon-1426.png
seismic-1427.png,fault-1427.png,horizon-1427.png
seismic-1428.png,fault-1428.png,horizon-1428.png
seismic-1429.png,fault-1429.png,horizon-1429.png
seismic-1430.png,fault-1430.png,horizon-1430.png
seismic-1431.png,fault-1431.png,horizon-1431.png
seismic-1432.png,fault-1432.png,horizon-1432.png
seismic-1433.png,fault-1433.png,horizon-1433.png
seismic-1434.png,fault-1434.png,horizon-1434.png
seismic-1435.png,fault-1435.png,horizon-1435.png
seismic-1436.png,fault-1436.png,horizon-1436.png
seismic-1437.png,fault-1437.png,horizon-1437.png
seismic-1438.png,fault-1438.png,horizon-1438.png
seismic-1439.png,fault-1439.png,horizon-1439.png
